num, time, PAT, eSBP, eDBP, iSBP, iDBP
1,2430,165,0,0,119.594,45.8976
2,4886,-1,0,0,-1,-1
3,5576,192,0,0,121.827,47.6978
4,6261,194,0,0,119.389,47.0142
5,6945,194,0,0,119.275,47.4244
6,7631,195,0,0,121.508,50.797
7,8322,185,0,0,127.228,54.238
8,8849,194,0,0,117.293,43.7327
9,9612,186,0,0,123.628,46.7407
10,10311,190,0,0,119.047,52.2327
11,11007,195,0,0,121.44,46.5584
12,11704,184,0,0,127.547,50.1589
13,12397,191,0,0,122.853,48.3359
14,13089,194,0,0,118.614,47.3104
15,13779,190,0,0,123.4,49.8399
16,14477,191,0,0,124.995,48.222
17,15165,195,0,0,120.62,48.1992
18,15855,196,0,0,121.303,48.222
19,16546,189,0,0,127.16,49.9539
20,17237,200,0,0,122.147,48.3359
21,17925,195,0,0,119.184,47.1053
22,18610,194,0,0,121.964,48.0852
23,19302,185,0,0,129.53,49.9539
24,19989,192,0,0,122.033,48.5866
25,20672,187,0,0,126.408,50.9793
26,21358,191,0,0,122.579,48.5866
27,22035,194,0,0,121.258,50.797
28,22721,190,0,0,124.289,48.2447
29,23401,196,0,0,119.435,47.3104
30,24078,193,0,0,123.468,50.2045
31,24765,189,0,0,124.311,48.6321
32,25446,193,0,0,122.99,48.9284
33,26123,192,0,0,122.762,48.4043
34,26799,189,0,0,124.516,48.6777
35,27477,186,0,0,128.823,49.4297
36,28157,190,0,0,128.755,49.7488
37,28830,193,0,0,123.263,48.7917
38,29504,191,0,0,123.673,49.9083
39,30178,186,0,0,128.937,50.3868
40,30859,187,0,0,131.512,50.3868
41,31532,193,0,0,125.337,49.2474
42,32205,194,0,0,125.382,52.7568
43,32880,187,0,0,131.558,51.0021
44,33559,191,0,0,130.874,50.6147
45,34234,190,0,0,126.932,49.8627
46,34910,190,0,0,127.456,53.167
47,35586,185,0,0,133.632,50.5919
48,36268,186,0,0,133.495,51.0477
49,36944,189,0,0,128.641,55.7648
50,37625,190,0,0,128.687,49.4297
51,38309,181,0,0,136.23,53.9418
52,38994,186,0,0,132.378,51.1844
53,39685,189,0,0,129.142,50.3413
54,40378,187,0,0,130.943,50.8654
55,41081,183,136.026,52.2191,136.23,50.7742
56,41780,191,124.054,49.0792,129.553,49.9311
57,42477,189,127,49.8517,126.636,48.8372
58,43177,186,131.476,51.0258,133.427,52.4378
59,43886,190,125.523,49.4644,131.718,49.9083
60,44589,193,121.14,48.3148,127.16,49.3158
61,45297,193,121.14,48.3148,127.547,48.0169
62,46005,185,132.984,51.4214,134.338,52.5745
63,46711,188,128.484,50.2409,129.667,49.8627
64,47412,193,121.14,48.3148,126.294,49.0423
65,48116,190,125.523,49.4644,129.302,50.2957
66,48825,186,131.476,51.0258,133.381,49.8171
67,49529,191,124.054,49.0792,126.226,49.4981
68,50229,193,121.14,48.3148,124.813,48.108
69,50930,186,131.476,51.0258,132.264,50.1362
70,51631,189,127,49.8517,129.165,48.1764
71,52332,195,118.255,47.5582,125.36,48.7005
72,53034,188,128.484,50.2409,130.738,51.982
73,53533,190,125.523,49.4644,129.917,45.3734
74,54342,182,137.559,52.6212,132.356,48.0624
75,55069,192,122.593,48.696,125.679,51.2756
76,55789,184,134.501,51.8192,133.358,49.6576
77,56499,191,124.054,49.0792,126.75,47.7434
78,57208,195,118.255,47.5582,124.243,50.6375
79,57919,187,129.976,50.6323,131.718,49.7488
80,58630,191,124.054,49.0792,130.76,56.0155
81,59337,194,119.694,47.9355,126.362,49.0879
82,60042,193,121.14,48.3148,129.051,50.2501
83,60755,187,129.976,50.6323,133.837,50.5691
84,61464,190,125.523,49.4644,127.183,49.6804
85,62165,191,124.054,49.0792,125.314,48.3131
86,62868,183,136.026,52.2191,133.381,52.6884
87,63568,191,124.054,49.0792,130.51,50.6375
88,64267,192,122.593,48.696,127.433,49.0879
89,64970,186,131.476,51.0258,133.176,52.0959
90,65676,188,128.484,50.2409,132.583,50.1134
91,66383,190,125.523,49.4644,128.094,49.5209
92,67086,189,127,49.8517,130.874,51.2072
93,67800,188,128.484,50.2409,134.384,49.9539
94,68505,192,122.593,48.696,128.641,50.2729
95,69208,193,121.14,48.3148,129.006,49.8171
96,69920,188,128.484,50.2409,135.227,51.7085
97,70622,192,122.593,48.696,129.781,50.3185
98,71324,196,116.824,47.1828,126.294,48.86
99,72035,184,134.501,51.8192,134.224,52.5973
100,72735,193,121.14,48.3148,130.533,50.5236
101,73438,194,119.694,47.9355,126.727,48.6549
102,74143,186,131.476,51.0258,133.222,50.1589
103,74856,189,127,49.8517,133.267,49.4753
104,75568,194,119.694,47.9355,128.664,49.4297
105,76284,192,122.593,48.696,130.1,50.2273
106,77005,182,137.559,52.6212,134.748,49.293
107,77723,192,122.593,48.696,127.798,47.8118
108,78438,198,113.984,46.4378,125.041,52.3922
109,79149,186,131.476,51.0258,133.768,49.9539
110,79863,188,128.484,50.2409,132.333,49.2474
111,80574,193,121.14,48.3148,125.793,47.789
112,81285,196,116.824,47.1828,125.61,52.0048
113,82000,183,136.026,52.2191,133.427,49.7032
114,82714,190,125.523,49.4644,128.937,47.7206
115,83425,195,118.255,47.5582,125.861,51.2984
116,84135,189,127,49.8517,130.669,49.4297
117,84855,189,127,49.8517,130.943,54.8077
118,85562,194,119.694,47.9355,126.659,49.0651
119,86270,195,118.255,47.5582,127.479,48.6777
120,86983,184,134.501,51.8192,133.244,52.2327
121,87689,193,121.14,48.3148,128.117,49.9994
122,88397,193,121.14,48.3148,125.679,48.6549
123,89104,192,122.593,48.696,129.667,49.7715
124,89815,186,131.476,51.0258,133.654,50.911
125,90520,192,122.593,48.696,127.707,49.8399
126,91226,195,118.255,47.5582,125.451,48.4498
127,91932,189,127,49.8517,131.057,51.3895
128,92643,188,128.484,50.2409,131.307,49.7943
129,93357,194,119.694,47.9355,127.661,48.8144
130,94068,192,122.593,48.696,127.684,48.86
131,94783,185,132.984,51.4214,134.133,52.7112
132,95494,193,121.14,48.3148,129.188,50.0678
133,96206,193,121.14,48.3148,125.838,48.8372
134,96920,191,124.054,49.0792,130.874,50.5691
135,97638,190,125.523,49.4644,131.968,49.7032
136,98345,193,121.14,48.3148,127.456,48.9512
137,99055,194,119.694,47.9355,127.593,48.7005
138,99772,187,129.976,50.6323,133.563,49.9311
139,100481,191,124.054,49.0792,129.074,48.6549
140,101193,194,119.694,47.9355,125.998,50.3413
141,101900,190,125.523,49.4644,129.781,50.7286
142,102620,191,124.054,49.0792,133.882,49.4297
143,103328,193,121.14,48.3148,126.659,48.0397
144,104040,194,119.694,47.9355,124.836,51.7997
145,104752,188,128.484,50.2409,131.9,49.5437
146,105465,190,125.523,49.4644,130.214,48.9056
147,106173,194,119.694,47.9355,126.18,48.2903
148,106884,193,121.14,48.3148,127.752,58.431
149,107596,183,136.026,52.2191,134.042,52.0731
150,108302,189,127,49.8517,128.482,49.6804
151,109009,194,119.694,47.9355,125.724,48.2447
152,109717,185,132.984,51.4214,132.766,52.0276
153,110431,186,131.476,51.0258,130.1,49.6576
154,111139,195,118.255,47.5582,126.408,48.6777
155,111852,189,127,49.8517,130.236,51.0477
156,112565,191,124.054,49.0792,131.49,49.6348
157,113273,194,119.694,47.9355,126.841,48.7917
158,113982,188,128.484,50.2409,129.142,50.5236
159,114695,179,142.209,53.8409,131.49,49.6348
160,115404,195,118.255,47.5582,126.203,49.1335
161,116114,193,121.14,48.3148,126.476,47.6978
162,116820,185,132.984,51.4214,132.88,52.3238
163,117534,187,129.976,50.6323,128.231,49.7943
164,118245,195,118.255,47.5582,125.519,48.2675
165,118954,191,124.054,49.0792,128.527,49.5665
166,119663,188,128.484,50.2409,133.541,50.4324
167,120367,191,124.054,49.0792,127,49.6348
168,121069,193,121.14,48.3148,124.836,48.7689
169,121570,196,116.824,47.1828,124.858,45.9887
170,122379,174,150.136,55.9199,139.443,46.0115
171,123103,197,115.4,46.8094,124.083,47.5155
172,123819,191,124.054,49.0792,125.428,48.0169
173,124534,193,121.14,48.3148,127.57,49.8171
174,125250,187,129.976,50.6323,133.563,49.5437
175,125960,193,121.14,48.3148,127.183,48.0169
176,126672,190,125.523,49.4644,125.679,51.3211
177,127383,188,128.484,50.2409,131.307,49.2246
178,128102,190,125.523,49.4644,131.467,49.293
179,128811,193,121.14,48.3148,127.411,48.5866
180,129520,191,124.054,49.0792,128.641,51.3211
181,130229,187,129.976,50.6323,132.925,49.293
182,130944,189,127,49.8517,132.811,49.6804
183,131653,192,122.593,48.696,128.277,49.4525
184,132362,192,122.593,48.696,128.755,51.5034
185,133080,183,136.026,52.2191,134.885,51.5034
186,133786,193,121.14,48.3148,128.527,49.9994
187,134496,193,121.14,48.3148,125.838,47.9485
188,135206,183,136.026,52.2191,133.358,52.3466
189,135912,190,125.523,49.4644,130.373,50.0906
190,136619,192,122.593,48.696,126.613,48.9968
191,137325,192,122.593,48.696,130.054,50.797
192,138044,187,129.976,50.6323,132.766,49.7943
193,138753,189,127,49.8517,127.844,49.4525
194,139466,193,121.14,48.3148,127.433,48.8828
195,140185,182,137.559,52.6212,133.837,52.2099
196,140895,192,122.593,48.696,128.322,50.1362
197,141612,194,119.694,47.9355,126.089,47.6067
198,142329,186,131.476,51.0258,132.15,51.8225
199,143048,187,129.976,50.6323,130.874,49.8627
200,143764,194,119.694,47.9355,127.228,48.9968
201,144480,194,119.694,47.9355,128.892,49.6804
202,145206,187,129.976,50.6323,135.204,50.3413
203,145925,192,122.593,48.696,127.752,48.8828
204,146644,195,118.255,47.5582,126.112,48.4043
205,147363,194,119.694,47.9355,128.687,48.3815
206,148087,185,132.984,51.4214,134.52,49.5437
207,148806,189,127,49.8517,128.436,48.1536
208,149525,195,118.255,47.5582,126.567,50.0678
209,150242,190,125.523,49.4644,130.419,50.0678
210,150960,185,132.984,51.4214,134.748,57.7474
211,151673,187,129.976,50.6323,128.163,49.8627
212,152383,199,112.574,46.0681,126.59,48.6094
213,153089,188,128.484,50.2409,132.538,52.0504
214,153804,190,125.523,49.4644,132.811,50.1362
215,154518,191,124.054,49.0792,128.39,49.4981
216,155233,190,125.523,49.4644,129.644,49.612
217,155958,183,136.026,52.2191,135.728,50.7742
218,156673,192,122.593,48.696,128.937,50.0906
219,157386,193,121.14,48.3148,126.864,48.6094
220,158097,187,129.976,50.6323,134.406,52.7796
221,158810,187,129.976,50.6323,132.971,50.8198
222,159522,194,119.694,47.9355,127.57,48.9284
223,160232,191,124.054,49.0792,129.12,49.293
224,160952,189,127,49.8517,132.082,48.974
225,161657,189,127,49.8517,132.014,50.3868
226,162370,181,139.101,53.0255,135.865,53.3265
227,163074,189,127,49.8517,129.94,50.8426
228,163783,194,119.694,47.9355,128.094,49.3386
229,164496,193,121.14,48.3148,130.236,49.4069
230,165222,186,131.476,51.0258,135.66,50.6603
231,165944,192,122.593,48.696,129.165,49.8627
232,166669,195,118.255,47.5582,126.567,47.789
233,167398,188,128.484,50.2409,134.27,51.2984
234,168128,186,131.476,51.0258,130.1,49.5437
235,168859,195,118.255,47.5582,125.451,48.1992
236,169590,189,127,49.8517,130.191,49.2246
237,170329,188,128.484,50.2409,130.533,48.2675
238,171058,194,119.694,47.9355,125.2,48.7689
239,171781,190,125.523,49.4644,127.889,49.612
240,172515,186,131.476,51.0258,132.424,49.0651
241,173243,193,121.14,48.3148,125.314,47.47
242,173966,195,118.255,47.5582,123.24,51.4807
243,174693,183,136.026,52.2191,131.626,49.1563
244,175423,192,122.593,48.696,127.638,48.108
245,176149,191,124.054,49.0792,124.129,49.9539
246,176867,192,122.593,48.696,127.57,50.0906
247,177595,184,134.501,51.8192,131.604,49.0651
248,178315,194,119.694,47.9355,124.494,47.2649
249,179031,197,115.4,46.8094,122.101,51.4123
250,179753,185,132.984,51.4214,131.33,49.4981
251,180465,190,125.523,49.4644,126.636,48.3131
252,181178,194,119.694,47.9355,122.967,53.7139
253,181890,189,127,49.8517,127.274,50.3413
254,182610,190,125.523,49.4644,129.803,49.4069
255,183322,195,118.255,47.5582,124.38,48.7005
256,184036,192,122.593,48.696,123.719,47.47
257,184754,184,134.501,51.8192,131.193,51.6402
258,185468,190,125.523,49.4644,126.613,49.3614
259,186183,192,122.593,48.696,123.673,48.6549
260,186896,191,124.054,49.0792,126.157,49.2246
261,187612,185,132.984,51.4214,132.333,49.6576
262,188325,192,122.593,48.696,125.155,49.1791
263,189038,195,118.255,47.5582,123.445,47.7662
264,189750,185,132.984,51.4214,131.968,51.7769
265,190458,189,127,49.8517,128.573,49.9539
266,191160,193,121.14,48.3148,125.701,49.5665
267,191864,189,127,49.8517,128.527,49.5665
268,192568,187,129.976,50.6323,134.703,50.8654
269,193269,189,127,49.8517,128.801,48.974
270,193972,191,124.054,49.0792,126.385,49.2702
271,194678,191,124.054,49.0792,129.781,50.8654
272,195385,184,134.501,51.8192,135.478,50.5691
273,196090,188,128.484,50.2409,129.029,49.1107
274,196793,195,118.255,47.5582,126.499,50.7742
275,197500,188,128.484,50.2409,130.988,52.0048
276,198215,183,136.026,52.2191,135.455,49.4753
277,198928,191,124.054,49.0792,127.98,48.3587
278,199643,194,119.694,47.9355,125.428,50.7059
279,200357,186,131.476,51.0258,130.601,50.2957
280,201082,183,136.026,52.2191,133.928,49.9083
281,201794,191,124.054,49.0792,126.818,48.108
282,202509,194,119.694,47.9355,124.38,51.7997
283,203232,184,134.501,51.8192,132.629,49.3614
284,203953,191,124.054,49.0792,127.707,53.6455
285,204673,197,115.4,46.8094,124.813,47.4927
286,205390,191,124.054,49.0792,131.33,51.3667
287,206110,195,118.255,47.5582,129.142,49.4069
288,206823,194,119.694,47.9355,124.562,48.541
289,207534,188,128.484,50.2409,128.732,50.6603
290,208251,188,128.484,50.2409,130.965,48.9512
291,208963,192,122.593,48.696,125.405,48.6549
292,209676,196,116.824,47.1828,125.747,48.7005
293,210394,185,132.984,51.4214,132.561,50.5919
294,211104,190,125.523,49.4644,126.362,49.2018
295,211815,190,125.523,49.4644,122.306,47.5611
296,212528,192,122.593,48.696,127.092,48.2447
297,213248,192,122.593,48.696,128.709,48.4498
298,213961,186,131.476,51.0258,129.439,49.3158
299,214673,181,139.101,53.0255,133.039,51.0933
300,215382,192,122.593,48.696,127.205,49.2474
301,216093,192,122.593,48.696,123.514,47.789
302,216803,185,132.984,51.4214,131.968,49.9766
303,217511,187,129.976,50.6323,130.373,49.2474
304,218220,191,124.054,49.0792,126.727,49.3842
305,218930,191,124.054,49.0792,127.684,50.9793
306,219646,181,139.101,53.0255,134.224,49.8171
307,220352,191,124.054,49.0792,128.163,48.6549
308,221059,192,122.593,48.696,125.929,50.4552
309,221767,188,128.484,50.2409,130.965,49.3386
310,222480,189,127,49.8517,130.897,49.1791
311,223192,192,122.593,48.696,126.271,48.541
312,223901,190,125.523,49.4644,126.385,51.9364
313,224616,181,139.101,53.0255,133.654,49.5665
314,225326,195,118.255,47.5582,127.205,48.222
315,226035,195,118.255,47.5582,124.722,49.6576
316,226736,191,124.054,49.0792,128.459,50.8654
317,227443,188,128.484,50.2409,133.153,49.9539
318,228147,189,127,49.8517,126.841,54.1697
319,228856,191,124.054,49.0792,124.334,47.675
320,229565,187,129.976,50.6323,130.533,50.9337
321,230282,187,129.976,50.6323,130.327,49.4297
322,230994,194,119.694,47.9355,125.086,48.5638
323,231712,192,122.593,48.696,127.274,49.0195
324,232441,184,134.501,51.8192,132.31,49.1335
325,233161,192,122.593,48.696,125.747,49.0423
326,233880,192,122.593,48.696,122.374,47.4244
327,234602,188,128.484,50.2409,127.183,47.9485
328,235323,193,121.14,48.3148,128.801,48.4954
329,236043,189,127,49.8517,127.957,48.1308
330,236764,183,136.026,52.2191,132.561,51.3211
331,237488,189,127,49.8517,127.752,49.0651
332,238208,193,121.14,48.3148,124.015,47.7206
333,238929,192,122.593,48.696,125.679,47.8573
334,239652,183,136.026,52.2191,132.47,49.7032
335,240372,188,128.484,50.2409,126.545,47.6067
336,241092,193,121.14,48.3148,124.061,48.3587
337,241813,188,128.484,50.2409,127.752,50.4324
338,242543,184,134.501,51.8192,132.948,48.9056
339,243268,194,119.694,47.9355,125.405,47.0826
340,243994,195,118.255,47.5582,122.557,51.2984
341,244725,185,132.984,51.4214,131.581,49.1107
342,245457,190,125.523,49.4644,126.864,47.789
343,246186,195,118.255,47.5582,123.514,50.6147
344,246913,191,124.054,49.0792,129.051,48.9968
345,247650,195,118.255,47.5582,129.53,48.5182
346,248378,196,116.824,47.1828,124.949,48.108
347,249105,193,121.14,48.3148,126.043,52.0731
348,249831,186,131.476,51.0258,132.105,54.2608
349,250565,191,124.054,49.0792,129.302,49.612
350,251293,193,121.14,48.3148,125.565,48.7917
351,252021,193,121.14,48.3148,127.069,48.7233
352,252759,182,137.559,52.6212,133.13,51.5946
353,253493,187,129.976,50.6323,127.502,49.3614
354,254228,194,119.694,47.9355,125.268,47.6067
355,254962,185,132.984,51.4214,131.672,50.8882
356,255696,190,125.523,49.4644,129.211,49.2018
357,256428,195,118.255,47.5582,125.679,47.8118
358,257155,188,128.484,50.2409,128.915,49.8399
359,257890,187,129.976,50.6323,132.948,49.293
360,258634,191,124.054,49.0792,125.177,48.7233
361,259371,192,122.593,48.696,123.377,47.47
362,260124,188,128.484,50.2409,131.74,49.9083
363,260857,197,115.4,46.8094,124.972,48.4043
364,261596,198,113.984,46.4378,121.736,46.6724
365,262341,190,125.523,49.4644,126.499,47.0598
366,263085,189,127,49.8517,127.297,47.1281
367,263824,188,128.484,50.2409,128.482,49.0651
368,264567,187,129.976,50.6323,131.398,48.4043
369,265301,192,122.593,48.696,123.354,47.8573
370,266033,193,121.14,48.3148,121.85,49.5665
371,266777,182,137.559,52.6212,130.783,47.9257
372,267513,192,122.593,48.696,123.947,47.2193
373,268248,199,112.574,46.0681,123.012,47.1965
374,268987,190,125.523,49.4644,125.815,47.9029
375,269722,191,124.054,49.0792,127.73,50.3868
376,270465,181,139.101,53.0255,131.877,48.3587
377,271206,194,119.694,47.9355,124.425,46.923
378,271945,193,121.14,48.3148,121.964,49.7943
379,272681,184,134.501,51.8192,127.502,47.675
380,273427,189,127,49.8517,127.547,47.3788
381,274166,191,124.054,49.0792,123.104,48.9512
382,274904,188,128.484,50.2409,126.089,51.9136
383,275649,187,129.976,50.6323,127.342,47.5839
384,276384,192,122.593,48.696,122.192,47.356
385,277121,165,164.996,59.8173,123.081,46.9458
386,277868,191,124.054,49.0792,128.892,47.6978
387,278606,192,122.593,48.696,121.303,47.0826
388,279345,201,109.776,45.3343,119.663,45.5558
389,280088,187,129.976,50.6323,127.092,49.2246
390,280829,196,116.824,47.1828,121.85,47.1281
391,281564,201,109.776,45.3343,118.797,45.8292
392,282305,187,129.976,50.6323,127.137,49.4981
393,283051,193,121.14,48.3148,123.491,47.1053
394,283795,197,115.4,46.8094,119.366,45.7608
395,284536,189,127,49.8517,124.949,48.3131
396,285286,196,116.824,47.1828,123.947,46.7635
397,286030,195,118.255,47.5582,120.027,46.5356
398,286776,191,124.054,49.0792,124.311,47.0142
399,287532,191,124.054,49.0792,126.362,46.923
400,288276,199,112.574,46.0681,120.893,46.0799
401,289019,194,119.694,47.9355,121.372,47.9941
402,289762,187,129.976,50.6323,129.234,47.8346
403,290506,194,119.694,47.9355,123.195,45.7608
404,291248,196,116.824,47.1828,119.48,49.6804
405,291987,187,129.976,50.6323,127.547,46.9914
406,292737,190,125.523,49.4644,124.972,46.0115
407,293477,195,118.255,47.5582,120.027,48.9968
408,294216,189,127,49.8517,125.246,46.8091
409,294965,190,125.523,49.4644,125.519,46.3533
410,295703,196,116.824,47.1828,120.734,48.4498
411,296441,192,122.593,48.696,125.177,51.1616
412,297187,191,124.054,49.0792,126.681,47.1509
413,297925,198,113.984,46.4378,119.845,46.3533
414,298664,193,121.14,48.3148,121.258,46.171
415,299405,192,122.593,48.696,124.061,46.3989
416,300141,187,129.976,50.6323,129.097,50.3185
417,300885,192,122.593,48.696,126.203,47.47
418,301620,198,113.984,46.4378,121.486,46.8319
419,302356,192,122.593,48.696,126.112,49.1791
420,303103,190,125.523,49.4644,126.886,47.6295
421,303837,195,118.255,47.5582,122.899,47.2193
422,304573,191,124.054,49.0792,125.724,48.6321
423,305319,190,125.523,49.4644,128.504,47.5839
424,306054,197,115.4,46.8094,123.901,47.5611
425,306788,196,116.824,47.1828,123.992,46.4673
426,307522,187,129.976,50.6323,131.626,49.5892
427,308261,194,119.694,47.9355,126.818,48.0397
428,308995,198,113.984,46.4378,123.331,47.2649
429,309728,195,118.255,47.5582,125.998,48.1764
430,310469,188,128.484,50.2409,131.945,47.4927
431,311207,194,119.694,47.9355,124.015,46.6952
432,311943,197,115.4,46.8094,122.329,47.789
433,312678,193,121.14,48.3148,127.98,47.4927
434,313421,189,127,49.8517,129.006,47.5383
435,314156,195,118.255,47.5582,123.696,46.5584
436,314891,195,118.255,47.5582,123.787,49.2474
437,315624,190,125.523,49.4644,129.051,47.9941
438,316365,189,127,49.8517,130.077,47.675
439,317101,193,121.14,48.3148,124.266,47.2421
440,317837,192,122.593,48.696,124.79,51.0021
441,318577,187,129.976,50.6323,131.74,48.7233
442,319319,185,132.984,51.4214,130.829,48.7233
443,320056,196,116.824,47.1828,123.582,48.1536
444,320791,194,119.694,47.9355,123.309,46.9002
445,321528,186,131.476,51.0258,131.763,51.2756
446,322268,189,127,49.8517,129.051,48.3131
447,323002,192,122.593,48.696,125.314,47.8118
448,323733,191,124.054,49.0792,129.325,49.4297
449,324473,186,131.476,51.0258,131.33,48.4043
450,325204,195,118.255,47.5582,126.408,48.3815
451,325935,195,118.255,47.5582,127.046,47.8573
452,326672,189,127,49.8517,133.86,50.797
453,327401,194,119.694,47.9355,127.798,49.293
454,328130,197,115.4,46.8094,125.268,47.0142
455,328859,181,139.101,53.0255,133.153,51.2072
456,329593,193,121.14,48.3148,129.029,48.7233
457,330322,195,118.255,47.5582,125.2,47.0826
458,331050,184,134.501,51.8192,133.472,50.0906
459,331784,191,124.054,49.0792,129.074,48.108
460,332512,192,122.593,48.696,123.263,47.1737
461,333239,183,136.026,52.2191,131.398,48.5182
462,333974,190,125.523,49.4644,129.621,46.9002
463,334700,194,119.694,47.9355,123.719,48.3131
464,335424,184,134.501,51.8192,129.712,47.789
465,336158,188,128.484,50.2409,128.208,46.7179
466,336887,194,119.694,47.9355,123.012,49.7488
467,337615,186,131.476,51.0258,128.117,47.9941
468,338352,187,129.976,50.6323,128.254,47.2193
469,339083,193,121.14,48.3148,123.719,48.3131
470,339812,190,125.523,49.4644,125.884,48.3359
471,340550,190,125.523,49.4644,130.669,48.1308
472,341281,188,128.484,50.2409,123.172,48.1308
473,342011,191,124.054,49.0792,120.825,46.0343
474,342742,177,145.353,54.6654,129.644,50.4096
475,343473,190,125.523,49.4644,125.474,47.7662
476,344200,197,115.4,46.8094,121.987,46.4673
477,344926,190,125.523,49.4644,129.37,50.2729
478,345659,190,125.523,49.4644,127.616,48.1764
479,346384,196,116.824,47.1828,123.035,47.47
480,347107,188,128.484,50.2409,129.006,49.7943
481,347836,186,131.476,51.0258,128.983,48.6777
482,348559,194,119.694,47.9355,124.083,47.9713
483,349279,190,125.523,49.4644,127.752,49.8171
484,350009,187,129.976,50.6323,130.487,49.0423
485,350728,193,121.14,48.3148,126.294,48.9284
486,351447,191,124.054,49.0792,127.023,48.1536
487,352164,181,139.101,53.0255,134.11,52.3466
488,352886,186,131.476,51.0258,131.763,50.045
489,353600,193,121.14,48.3148,126.545,48.7005
490,354307,187,129.976,50.6323,129.894,48.9056
491,355018,189,127,49.8517,131.672,49.4525
492,355725,185,132.984,51.4214,134.589,51.7769
493,356434,182,137.559,52.6212,137.734,50.6375
494,357142,187,129.976,50.6323,131.353,48.8828
495,357846,188,128.484,50.2409,128.892,50.2729
496,358553,183,136.026,52.2191,136.799,50.6147
497,359266,187,129.976,50.6323,135.136,50.3868
498,359970,191,124.054,49.0792,131.649,49.8171
499,360677,187,129.976,50.6323,133.677,53.4632
500,361389,177,145.353,54.6654,139.488,50.911
501,362094,186,131.476,51.0258,133.837,49.9311
502,362795,189,127,49.8517,131.307,56.608
503,363498,187,129.976,50.6323,133.723,49.9311
504,364208,180,140.651,53.4321,138.987,52.6656
505,364912,186,131.476,51.0258,133.222,51.1616
506,365612,187,129.976,50.6323,130.897,49.8171
507,366314,183,136.026,52.2191,135.318,51.5262
508,367024,183,136.026,52.2191,138.212,50.3868
509,367728,187,129.976,50.6323,132.538,50.7059
510,368429,186,131.476,51.0258,131.604,49.9766
511,369131,181,139.101,53.0255,137.506,53.0302
512,369840,183,136.026,52.2191,137.141,51.4579
513,370548,189,127,49.8517,132.424,50.364
514,371263,183,136.026,52.2191,134.11,50.9565
515,371985,180,140.651,53.4321,139.352,50.7286
516,372695,187,129.976,50.6323,132.538,50.9337
517,373403,187,129.976,50.6323,131.695,49.6348
518,374112,179,142.209,53.8409,138.212,53.2353
519,374822,183,136.026,52.2191,136.936,51.549
520,375528,186,131.476,51.0258,133.609,51.3211
521,376237,186,131.476,51.0258,135.022,50.5691
522,376949,178,143.777,54.252,140.696,53.8278
523,377652,186,131.476,51.0258,136.503,51.8681
524,378152,195,118.255,47.5582,128.368,49.2246
525,378960,169,158.294,58.0595,145.39,49.8171
526,379691,186,131.476,51.0258,136.845,49.9539
527,380411,183,136.026,52.2191,133.951,50.2501
528,381130,179,142.209,53.8409,140.423,51.0021
529,381854,183,136.026,52.2191,138.372,50.9337
530,382573,187,129.976,50.6323,134.361,50.7742
531,383295,187,129.976,50.6323,136.275,52.9619
532,384015,180,140.651,53.4321,141.927,51.8908
533,384735,186,131.476,51.0258,136.822,50.5008
534,385455,190,125.523,49.4644,135.683,59.4793
535,386177,185,132.984,51.4214,140.992,52.3922
536,386816,186,131.476,51.0258,142.747,53.2353
537,387631,183,136.026,52.2191,139.374,48.4726
538,388354,192,122.593,48.696,135.25,50.6603
539,389078,173,151.749,56.3429,142.815,53.4176
540,389795,185,132.984,51.4214,136.64,51.549
541,390513,180,140.651,53.4321,134.657,49.8627
542,391229,176,146.938,55.0812,140.992,54.1924
543,391953,181,139.101,53.0255,138.645,51.0249
544,392670,189,127,49.8517,134.885,50.5463
545,393385,183,136.026,52.2191,138.508,52.3466
546,394109,174,150.136,55.9199,142.428,51.8681
547,394823,175,148.533,55.4994,134.999,51.4123
548,395538,186,131.476,51.0258,133.199,49.6804
549,396257,174,150.136,55.9199,141.038,53.6683
550,396975,188,128.484,50.2409,136.868,51.2072
551,397692,186,131.476,51.0258,134.293,49.8171
552,398407,182,137.559,52.6212,138.691,52.5517
553,399131,183,136.026,52.2191,139.146,51.1616
554,399847,188,128.484,50.2409,134.999,50.2729
555,400565,187,129.976,50.6323,134.908,49.7943
556,401284,177,145.353,54.6654,140.992,51.3895
557,402003,184,134.501,51.8192,135.364,50.0906
558,402720,187,129.976,50.6323,132.857,49.5437
559,403439,186,131.476,51.0258,136.343,50.5919
560,404167,180,140.651,53.4321,140.149,50.6831
561,404879,186,131.476,51.0258,133.108,49.4753
562,405590,188,128.484,50.2409,132.128,53.805
563,406304,179,142.209,53.8409,139.078,51.6402
564,407014,181,139.101,53.0255,136.435,50.3185
565,407728,185,132.984,51.4214,133.7,51.7313
566,408442,183,136.026,52.2191,135.888,50.8198
567,409164,178,143.777,54.252,139.967,50.8198
568,409879,184,134.501,51.8192,133.677,50.6603
569,410596,185,132.984,51.4214,132.948,49.5892
570,411314,180,140.651,53.4321,139.511,53.919
571,412031,184,134.501,51.8192,137.004,51.5034
572,412752,184,134.501,51.8192,134.11,50.0678
573,413472,183,136.026,52.2191,136.138,50.9793
574,414194,178,143.777,54.252,141.311,51.8453
575,414913,184,134.501,51.8192,134.726,51.2072
576,415625,187,129.976,50.6323,132.538,49.8171
577,416340,175,148.533,55.4994,139.739,54.1013
578,417057,182,137.559,52.6212,137.392,51.4351
579,417768,186,131.476,51.0258,134.52,50.7514
580,418481,184,134.501,51.8192,136.549,51.1844
581,419199,181,139.101,53.0255,141.562,52.3694
582,419911,184,134.501,51.8192,135.25,51.663
583,420625,186,131.476,51.0258,133.586,50.1589
584,421336,181,139.101,53.0255,139.83,53.486
585,422048,181,139.101,53.0255,137.916,51.4579
586,422762,184,134.501,51.8192,134.612,50.5691
587,423484,185,132.984,51.4214,134.794,49.1335
588,424211,177,145.353,54.6654,139.83,51.982
589,424931,181,139.101,53.0255,135.159,50.0222
590,425652,184,134.501,51.8192,131.968,49.0879
591,426376,185,132.984,51.4214,133.244,49.4525
592,427102,176,146.938,55.0812,139.124,50.5463
593,427827,182,137.559,52.6212,135.045,49.612
594,428549,185,132.984,51.4214,131.718,48.8828
595,429278,182,137.559,52.6212,132.697,52.8024
596,429999,177,145.353,54.6654,137.893,50.9793
597,430721,182,137.559,52.6212,135.523,49.612
598,431449,183,136.026,52.2191,130.783,48.9968
599,432173,183,136.026,52.2191,131.74,50.2957
600,432899,182,137.559,52.6212,134.452,51.9592
601,433624,176,146.938,55.0812,138.144,50.478
602,434342,181,139.101,53.0255,132.424,49.0651
603,435059,189,127,49.8517,129.735,49.0651
604,435774,179,142.209,53.8409,136.412,53.4632
605,436492,185,132.984,51.4214,134.566,50.6375
606,437202,187,129.976,50.6323,130.988,50.2045
607,437910,185,132.984,51.4214,134.543,51.8225
608,438627,177,145.353,54.6654,138.531,52.9391
609,439335,187,129.976,50.6323,132.652,51.23
610,440043,187,129.976,50.6323,129.484,49.5892
611,440753,184,134.501,51.8192,133.814,50.0906
612,441457,180,140.651,53.4321,134.999,50.6375
613,442164,182,137.559,52.6212,135.705,50.9565
614,442871,175,148.533,55.4994,139.306,54.2152
615,443572,182,137.559,52.6212,134.703,51.2072
616,444269,187,129.976,50.6323,131.877,50.9565
617,444969,179,142.209,53.8409,137.05,52.2782
618,445672,182,137.559,52.6212,138.6,51.663
619,446366,187,129.976,50.6323,134.406,51.663
620,447064,182,137.559,52.6212,134.361,50.4324
621,447757,177,145.353,54.6654,140.24,52.7112
622,448451,184,134.501,51.8192,138.349,51.1616
623,449142,185,132.984,51.4214,133.427,50.9793
624,449832,178,143.777,54.252,137.278,51.9364
625,450529,178,143.777,54.252,139.329,51.5718
626,451218,185,132.984,51.4214,134.293,52.0504
627,451908,181,139.101,53.0255,135.045,53.167
628,452604,177,145.353,54.6654,141.243,52.7112
629,453291,183,136.026,52.2191,135.364,50.6147
630,453977,188,128.484,50.2409,131.718,50.9793
631,454668,183,136.026,52.2191,136.435,51.5034
632,455357,183,136.026,52.2191,137.984,52.1415
633,456045,183,136.026,52.2191,138.28,54.99
634,456733,176,146.938,55.0812,141.471,59.0463
635,457420,184,134.501,51.8192,135.979,52.415
636,458109,180,140.651,53.4321,133.518,51.3211
637,458801,176,146.938,55.0812,137.961,53.3037
638,459502,175,148.533,55.4994,139.055,51.9136
639,460205,183,136.026,52.2191,134.498,51.1616
640,460908,184,134.501,51.8192,134.566,51.2528
641,461618,178,143.777,54.252,140.468,53.053
642,462321,180,140.651,53.4321,134.657,51.5946
643,463026,186,131.476,51.0258,132.697,49.612
644,463733,181,139.101,53.0255,138.805,54.1241
645,464443,180,140.651,53.4321,136.48,51.5946
646,465148,183,136.026,52.2191,133.335,50.5463
647,465663,185,132.984,51.4214,130.077,52.4833
648,466467,166,163.305,59.3739,145.869,49.3842
649,467190,183,136.026,52.2191,131.991,50.8882
650,467907,184,134.501,51.8192,131.991,49.4525
651,468621,177,145.353,54.6654,136.913,53.3493
652,469342,180,140.651,53.4321,137.095,51.1616
653,470058,181,139.101,53.0255,132.128,50.6603
654,470778,183,136.026,52.2191,133.86,50.7059
655,471505,178,143.777,54.252,139.078,50.8426
656,472227,183,136.026,52.2191,132.378,48.9968
657,472952,185,132.984,51.4214,130.487,48.7461
658,473673,181,139.101,53.0255,137.665,50.5691
659,474399,182,137.559,52.6212,134.52,49.8399
660,475121,180,140.651,53.4321,131.626,50.9565
661,475842,181,139.101,53.0255,133.746,51.3439
662,476564,177,145.353,54.6654,138.691,51.0021
663,477284,182,137.559,52.6212,131.512,49.3386
664,477999,186,131.476,51.0258,129.461,53.8506
665,478715,179,142.209,53.8409,137.756,51.2528
666,479431,183,136.026,52.2191,133.267,50.5236
667,480141,188,128.484,50.2409,130.783,50.5236
668,480850,184,134.501,51.8192,133.837,52.0959
669,481568,176,146.938,55.0812,137.506,51.2756
670,482282,183,136.026,52.2191,131.945,51.0249
671,482993,186,131.476,51.0258,131.193,50.1589
672,483710,174,150.136,55.9199,138.44,54.0101
673,484423,184,134.501,51.8192,133.951,51.8453
674,485145,183,136.026,52.2191,131.33,49.7488
675,485858,177,145.353,54.6654,137.027,53.8734
676,486577,181,139.101,53.0255,136.959,51.7085
677,487283,183,136.026,52.2191,132.515,51.3439
678,487995,181,139.101,53.0255,135.774,52.6656
679,488715,177,145.353,54.6654,139.762,51.7541
680,489429,184,134.501,51.8192,133.654,51.5718
681,490139,184,134.501,51.8192,133.085,50.2045
682,490850,174,150.136,55.9199,140.856,54.9444
683,491561,182,137.559,52.6212,137.506,52.7796
684,492268,182,137.559,52.6212,134.703,51.8225
685,492976,183,136.026,52.2191,137.506,52.301
686,493690,178,143.777,54.252,142.724,53.6455
687,494395,181,139.101,53.0255,136.435,51.5262
688,495105,183,136.026,52.2191,135.159,51.3895
689,495813,182,137.559,52.6212,137.46,51.3895
690,496519,176,146.938,55.0812,143.134,52.9391
691,497224,178,143.777,54.252,138.463,51.8908
692,497927,182,137.559,52.6212,135.364,52.0731
693,498632,184,134.501,51.8192,137.734,53.0302
694,499352,176,146.938,55.0812,142.929,51.9136
695,500068,184,134.501,51.8192,135.888,50.9793
696,500782,184,134.501,51.8192,134.065,52.2555
697,501497,179,142.209,53.8409,137.711,51.4807
698,502218,175,148.533,55.4994,140.628,51.3895
699,502933,180,140.651,53.4321,134.179,50.5008
700,503650,181,139.101,53.0255,133.541,54.7166
701,504365,174,150.136,55.9199,139.921,51.8225
702,505080,181,139.101,53.0255,137.779,51.3667
703,505789,184,134.501,51.8192,133.677,50.4552
704,506504,183,136.026,52.2191,134.726,60.6187
705,507221,175,148.533,55.4994,140.628,54.671
706,507931,184,134.501,51.8192,136.024,52.0731
707,508638,185,132.984,51.4214,133.677,51.0705
708,509342,182,137.559,52.6212,136.207,52.0731
709,510057,175,148.533,55.4994,142.177,53.6911
710,510761,180,140.651,53.4321,135.797,52.4378
711,511250,193,121.14,48.3148,125.36,48.2903
712,512060,172,153.371,56.7683,141.083,46.3533
713,512794,174,150.136,55.9199,139.716,53.8278
714,513514,181,139.101,53.0255,135.113,51.1616
715,514233,181,139.101,53.0255,132.082,50.3185
716,514945,178,143.777,54.252,136.366,52.5289
717,515668,175,148.533,55.4994,140.149,51.7313
718,516379,182,137.559,52.6212,133.609,51.549
719,517092,183,136.026,52.2191,133.039,50.045
720,517808,173,151.749,56.3429,140.081,52.6884
721,518524,179,142.209,53.8409,136.275,50.7514
722,519237,183,136.026,52.2191,133.632,51.0477
723,519952,174,150.136,55.9199,137.734,51.5946
724,520680,174,150.136,55.9199,139.602,51.3667
725,521397,181,139.101,53.0255,133.882,52.2327
726,522116,189,127,49.8517,134.087,52.2555
727,522840,176,146.938,55.0812,139.397,52.2555
728,523554,182,137.559,52.6212,133.153,50.4324
729,524266,184,134.501,51.8192,131.307,55.104
730,524981,173,151.749,56.3429,138.736,51.8681
731,525695,180,140.651,53.4321,135.865,50.9337
732,526407,185,132.984,51.4214,132.219,54.557
733,527115,180,140.651,53.4321,137.415,54.557
734,527826,178,143.777,54.252,137.551,52.1415
735,528527,187,129.976,50.6323,133.746,51.7541
736,529024,187,129.976,50.6323,128.277,53.7367
737,529827,169,158.294,58.0595,147.76,50.7286
738,530541,182,137.559,52.6212,133.267,51.663
739,531243,180,140.651,53.4321,132.675,50.5008
740,531943,177,145.353,54.6654,138.053,54.3975
741,532645,178,143.777,54.252,138.486,52.8707
742,533341,182,137.559,52.6212,133.609,51.8225
743,534035,180,140.651,53.4321,137.232,53.3949
744,534737,172,153.371,56.7683,140.559,52.7568
745,535432,182,137.559,52.6212,135.295,52.5745
746,536128,184,134.501,51.8192,134.657,50.9793
747,536828,172,153.371,56.7683,141.949,55.3546
748,537527,178,143.777,54.252,138.394,53.0986
749,538228,181,139.101,53.0255,135.819,52.2782
750,538925,175,148.533,55.4994,138.645,53.6683
751,539626,172,153.371,56.7683,143.408,53.5088
752,540322,181,139.101,53.0255,136.822,52.6428
753,541020,183,136.026,52.2191,136.321,52.1415
754,541718,174,150.136,55.9199,142.268,53.7367
755,542422,174,150.136,55.9199,141.676,53.053
756,543120,183,136.026,52.2191,137.164,51.8453
757,543821,178,143.777,54.252,138.258,55.6053
758,544518,171,155.002,57.1962,144.502,53.805
759,545213,179,142.209,53.8409,140.901,52.5745
760,545911,180,140.651,53.4321,137.301,60.5275
761,546406,184,134.501,51.8192,131.695,51.7085
762,547199,163,168.408,60.7123,151.042,52.5061
763,547914,181,139.101,53.0255,139.055,51.6402
764,548617,181,139.101,53.0255,136.116,51.6402
765,549314,182,137.559,52.6212,137.574,62.3962
766,549838,180,140.651,53.4321,136.503,52.7112
767,550629,170,156.643,57.6266,145.14,48.4043
768,551338,176,146.938,55.0812,140.081,53.3949
769,552043,176,146.938,55.0812,143.271,52.8935
770,552737,184,134.501,51.8192,135.409,52.415
771,553433,181,139.101,53.0255,135.113,51.2756
772,554127,179,142.209,53.8409,138.167,52.5061
773,554822,175,148.533,55.4994,143.795,55.0584
774,555515,179,142.209,53.8409,137.848,53.0758
775,556204,183,136.026,52.2191,135.523,51.7085
776,556896,180,140.651,53.4321,136.982,51.116
777,557591,166,163.305,59.3739,143.636,55.6053
778,558286,181,139.101,53.0255,139.032,52.9619
779,558981,183,136.026,52.2191,134.999,51.7541
780,559676,182,137.559,52.6212,136.047,50.911
781,560378,177,145.353,54.6654,141.927,54.5115
782,561085,177,145.353,54.6654,139.397,52.301
783,561786,184,134.501,51.8192,131.467,51.3667
784,562494,186,131.476,51.0258,131.421,49.3842
785,563203,173,151.749,56.3429,139.192,52.6201
786,563906,184,134.501,51.8192,135.295,51.2072
787,564606,186,131.476,51.0258,132.15,50.3413
788,565308,187,129.976,50.6323,133.723,50.8198
789,566014,176,146.938,55.0812,139.283,51.7541
790,566711,184,134.501,51.8192,135.136,50.7514
791,567406,187,129.976,50.6323,132.082,51.7769
792,568104,179,142.209,53.8409,134.065,53.5544
793,568806,176,146.938,55.0812,139.01,52.301
794,569497,185,132.984,51.4214,133.153,50.3868
795,570185,188,128.484,50.2409,130.578,54.2836
796,570874,178,143.777,54.252,137.939,52.0731
797,571567,181,139.101,53.0255,136.047,51.2528
798,572256,184,134.501,51.8192,131.9,50.3868
799,572951,182,137.559,52.6212,132.264,54.4887
800,573648,177,145.353,54.6654,139.397,52.2099
801,574344,182,137.559,52.6212,134.293,50.9565
802,575040,184,134.501,51.8192,131.216,56.6308
803,575740,182,137.559,52.6212,133.951,51.3211
804,576448,173,151.749,56.3429,139.078,52.8707
805,577147,180,140.651,53.4321,133.814,52.3238
806,577848,183,136.026,52.2191,131.33,50.5691
807,578549,182,137.559,52.6212,134.68,51.7541
808,579253,178,143.777,54.252,139.693,52.734
809,579951,181,139.101,53.0255,133.746,52.3922
810,580647,185,132.984,51.4214,132.014,51.1616
811,581344,178,143.777,54.252,137.232,53.6227
812,582049,175,148.533,55.4994,139.488,52.1415
813,582747,184,134.501,51.8192,134.452,52.2782
814,583447,184,134.501,51.8192,134.224,51.0249
815,584153,177,145.353,54.6654,140.309,54.1697
816,584862,184,134.501,51.8192,137.551,52.5745
817,585568,185,132.984,51.4214,133.7,51.5034
818,586280,181,139.101,53.0255,135.181,51.3439
819,587005,178,143.777,54.252,141.015,51.3439
820,587729,179,142.209,53.8409,133.791,49.5437
821,588447,183,136.026,52.2191,130.897,49.4297
822,589170,174,150.136,55.9199,139.01,51.1844
823,589891,183,136.026,52.2191,134.839,49.9539
824,590607,181,139.101,53.0255,131.33,51.8453
825,591321,180,140.651,53.4321,135.09,50.797
826,592048,180,140.651,53.4321,136.868,50.2501
827,592770,187,129.976,50.6323,131.512,51.2528
828,593490,181,139.101,53.0255,132.538,50.5008
829,594222,166,163.305,59.3739,137.62,50.2957
830,594949,181,139.101,53.0255,129.553,48.4954
831,595673,187,129.976,50.6323,128.299,52.6428
832,596403,180,140.651,53.4321,135.956,50.2729
833,597127,185,132.984,51.4214,131.809,49.2702
834,597854,186,131.476,51.0258,128.846,57.4967
835,598581,178,143.777,54.252,134.475,52.4833
836,599313,179,142.209,53.8409,133.563,50.045
837,600043,184,134.501,51.8192,129.188,49.4069
838,600769,186,131.476,51.0258,131.444,50.9565
839,601502,179,142.209,53.8409,136.685,50.9793
840,602234,188,128.484,50.2409,129.279,50.1817
841,602963,189,127,49.8517,127.889,48.541
842,603701,179,142.209,53.8409,136.571,53.0758
843,604434,181,139.101,53.0255,131.239,50.8882
844,605172,186,131.476,51.0258,128.846,49.0879
845,605907,179,142.209,53.8409,136.047,53.0075
846,606651,182,137.559,52.6212,134.179,50.4324
847,607386,187,129.976,50.6323,130.396,49.726
848,608122,182,137.559,52.6212,132.994,50.478
849,608863,176,146.938,55.0812,138.28,50.8654
850,609599,183,136.026,52.2191,129.735,49.4981
851,610334,176,146.938,55.0812,128.596,48.6094
852,611069,176,146.938,55.0812,136.503,50.1362
853,611809,181,139.101,53.0255,133.085,49.6576
854,612544,182,137.559,52.6212,130.35,50.2501
855,613280,187,129.976,50.6323,132.88,51.116
856,614026,181,139.101,53.0255,137.506,49.8399
857,614771,183,136.026,52.2191,129.553,48.2675
858,615516,189,127,49.8517,128.094,52.8252
859,616255,180,140.651,53.4321,134.703,49.6348
860,617003,184,134.501,51.8192,132.925,49.1563
861,617744,188,128.484,50.2409,128.504,49.5209
862,618486,187,129.976,50.6323,130.533,57.7246
863,619234,183,136.026,52.2191,136.48,51.0705
864,619975,185,132.984,51.4214,129.325,49.9766
865,620711,185,132.984,51.4214,127.228,48.6094
866,621448,181,139.101,53.0255,133.7,52.0504
867,622192,177,145.353,54.6654,133.427,50.1362
868,622927,184,134.501,51.8192,128.732,48.8828
869,623662,183,136.026,52.2191,129.803,48.7917
870,624402,177,145.353,54.6654,136.366,52.4378
871,625140,185,132.984,51.4214,130.669,49.8399
872,625873,186,131.476,51.0258,128.049,49.0651
873,626609,180,140.651,53.4321,133.176,51.2072
874,627351,178,143.777,54.252,134.179,50.0678
875,628087,185,132.984,51.4214,129.712,49.6348
876,628820,188,128.484,50.2409,130.054,49.8855
877,629561,181,139.101,53.0255,136.457,50.9565
878,630298,184,134.501,51.8192,129.074,50.2957
879,631036,184,134.501,51.8192,127.57,48.3359
880,631778,177,145.353,54.6654,136.64,50.8654
881,632521,186,131.476,51.0258,130.738,49.0423
882,633260,189,127,49.8517,128.254,48.6094
883,634007,175,148.533,55.4994,136.982,50.2957
884,634753,185,132.984,51.4214,130.897,48.9284
885,635493,188,128.484,50.2409,128.094,50.5236
886,636233,179,142.209,53.8409,134.11,49.6576
887,636985,186,131.476,51.0258,133.404,49.1563
888,637723,189,127,49.8517,128.755,51.2984
889,638461,185,132.984,51.4214,133.062,49.9539
890,639206,183,136.026,52.2191,133.837,49.293
891,639945,185,132.984,51.4214,129.575,51.5718
892,640679,183,136.026,52.2191,132.287,49.8171
893,641423,184,134.501,51.8192,134.133,56.2662
894,642154,190,125.523,49.4644,129.94,49.4525
895,642886,184,134.501,51.8192,132.264,50.4324
896,643620,182,137.559,52.6212,137.642,50.4096
897,644351,188,128.484,50.2409,131.034,50.0678
898,645079,188,128.484,50.2409,129.53,48.6777
899,645812,180,140.651,53.4321,137.483,53.167
900,646538,187,129.976,50.6323,133.199,50.911
901,647043,198,113.984,46.4378,125.155,49.3158
902,647893,172,153.371,56.7683,141.562,48.1764
903,648650,185,132.984,51.4214,133.29,49.726
904,649393,182,137.559,52.6212,131.216,49.0423
905,650140,183,136.026,52.2191,133.654,49.8171
906,650890,181,139.101,53.0255,137.597,50.2957
907,651634,185,132.984,51.4214,130.419,49.9311
908,652373,186,131.476,51.0258,129.279,48.3815
909,653115,177,145.353,54.6654,137.528,52.301
910,653853,183,136.026,52.2191,132.196,50.3185
911,654589,188,128.484,50.2409,130.51,49.293
912,655325,185,132.984,51.4214,134.429,50.3413
913,656069,179,142.209,53.8409,138.759,50.0906
914,656804,185,132.984,51.4214,131.695,48.9284
915,657540,185,132.984,51.4214,130.601,49.1791
916,658273,176,146.938,55.0812,137.346,50.5691
917,659010,179,142.209,53.8409,135.614,49.7488
918,659741,189,127,49.8517,131.968,49.5437
919,660473,185,132.984,51.4214,133.541,52.2327
920,661204,182,137.559,52.6212,138.85,50.4324
921,661945,184,134.501,51.8192,137.87,50.3185
922,662680,193,121.14,48.3148,133.404,49.5892
923,663415,187,129.976,50.6323,133.7,51.549
924,664148,184,134.501,51.8192,138.349,58.6589
925,664882,179,142.209,53.8409,140.992,50.8198
926,665606,190,125.523,49.4644,133.814,50.7514
927,666333,190,125.523,49.4644,132.583,48.9968
928,667064,179,142.209,53.8409,141.175,53.5772
929,667789,185,132.984,51.4214,138.098,51.1844
930,668515,183,136.026,52.2191,134.999,50.1817
931,669238,190,125.523,49.4644,136.776,50.7514
932,669972,177,145.353,54.6654,142.724,51.9592
933,670694,187,129.976,50.6323,136.435,51.1844
934,671418,188,128.484,50.2409,134.634,50.0906
935,672146,186,131.476,51.0258,139.26,51.4807
936,672874,179,142.209,53.8409,142.2,51.2072
937,673599,189,127,49.8517,135.5,50.8426
938,674327,184,134.501,51.8192,134.498,49.6804
939,675054,180,140.651,53.4321,139.01,51.2528
940,675783,177,145.353,54.6654,141.425,51.1616
941,676501,182,137.559,52.6212,134.384,50.911
942,677002,194,119.694,47.9355,127.98,46.0115
943,677829,172,153.371,56.7683,141.197,44.9177
944,678576,179,142.209,53.8409,140.536,50.5463
945,679315,181,139.101,53.0255,136.617,49.5892
946,680041,190,125.523,49.4644,130.464,48.4726
947,680769,186,131.476,51.0258,133.335,49.4297
948,681499,179,142.209,53.8409,139.579,50.6831
949,682224,182,137.559,52.6212,136.366,49.5209
950,682951,187,129.976,50.6323,132.88,53.3949
951,683671,176,146.938,55.0812,139.283,50.7742
952,684396,182,137.559,52.6212,137.916,49.9083
953,685117,185,132.984,51.4214,132.697,53.7139
954,685844,172,153.371,56.7683,140.992,51.1844
955,686565,183,136.026,52.2191,136.617,49.2246
956,687285,182,137.559,52.6212,132.925,54.2152
957,688003,181,139.101,53.0255,141.106,51.0705
958,688723,183,136.026,52.2191,137.323,61.0517
959,689442,188,128.484,50.2409,122.374,60.801
960,690160,182,137.559,52.6212,135.409,50.7059
961,690881,185,132.984,51.4214,140.81,51.663
962,691591,184,134.501,51.8192,136.526,51.0477
963,692303,105,291.458,92.9858,136.275,50.797
964,693020,172,153.371,56.7683,141.858,54.0329
965,693732,180,140.651,53.4321,138.964,51.9592
966,694441,174,150.136,55.9199,135.979,51.23
967,695147,182,137.559,52.6212,137.506,51.1388
968,695861,179,142.209,53.8409,143.271,54.1241
969,696566,180,140.651,53.4321,138.394,52.0504
970,697272,180,140.651,53.4321,136.321,51.5262
971,697985,178,143.777,54.252,143.59,51.5946
972,698684,184,134.501,51.8192,137.141,52.3466
973,699387,187,129.976,50.6323,135.751,49.8399
974,700090,179,142.209,53.8409,142.496,54.6938
975,700798,182,137.559,52.6212,139.784,51.8681
976,701498,183,136.026,52.2191,136.503,51.4351
977,702202,180,140.651,53.4321,139.944,52.734
978,702913,178,143.777,54.252,141.562,51.116
979,703616,184,134.501,51.8192,135.956,51.3439
980,704315,183,136.026,52.2191,135.409,50.2501
981,705019,178,143.777,54.252,140.628,53.0758
982,705730,177,145.353,54.6654,139.238,51.0933
983,706435,181,139.101,53.0255,134.931,50.5236
984,707139,185,132.984,51.4214,134.68,49.3614
985,707846,175,148.533,55.4994,140.423,53.805
986,708553,184,134.501,51.8192,136.936,51.2072
987,709255,187,129.976,50.6323,133.768,49.9766
988,709955,186,131.476,51.0258,134.68,50.3413
989,710660,177,145.353,54.6654,140.377,53.3721
990,711360,185,132.984,51.4214,134.657,50.9565
991,712054,185,132.984,51.4214,132.424,49.9083
992,712752,186,131.476,51.0258,134.384,49.4753
993,713453,178,143.777,54.252,139.602,53.6683
994,714145,185,132.984,51.4214,134.885,51.2072
995,714838,185,132.984,51.4214,132.037,50.0222
996,715532,182,137.559,52.6212,133.153,49.6804
997,716225,176,146.938,55.0812,138.827,53.5316
998,716917,181,139.101,53.0255,136.64,51.1388
999,717610,190,125.523,49.4644,131.923,50.5691
1000,718305,181,139.101,53.0255,132.31,48.8144
1001,719000,177,145.353,54.6654,139.26,53.6227
1002,719693,183,136.026,52.2191,135.409,51.2072
1003,720388,185,132.984,51.4214,132.447,50.045
1004,721083,184,134.501,51.8192,133.244,49.8171
1005,721780,176,146.938,55.0812,139.192,53.053
1006,722474,181,139.101,53.0255,134.065,50.9793
1007,723165,187,129.976,50.6323,130.92,49.5437
1008,723859,182,137.559,52.6212,133.791,50.478
1009,724556,175,148.533,55.4994,138.167,50.911
1010,725250,182,137.559,52.6212,132.424,48.8372
1011,725946,186,131.476,51.0258,129.188,48.6094
1012,726642,178,143.777,54.252,137.073,50.5919
1013,727336,181,139.101,53.0255,133.062,49.5892
1014,728026,183,136.026,52.2191,129.667,52.6884
1015,728715,183,136.026,52.2191,134.748,50.4552
1016,729408,183,136.026,52.2191,133.267,50.0222
1017,730093,183,136.026,52.2191,129.894,49.2474
1018,730779,184,134.501,51.8192,130.35,53.0302
1019,731464,181,139.101,53.0255,135.865,50.7742
1020,732153,181,139.101,53.0255,133.905,56.6763
1021,732835,183,136.026,52.2191,129.781,50.0678
1022,733520,182,137.559,52.6212,130.624,49.5665
1023,734203,180,140.651,53.4321,134.976,51.4579
1024,734889,177,145.353,54.6654,137.688,52.8935
1025,735565,183,136.026,52.2191,130.51,50.9793
1026,736242,184,134.501,51.8192,131.216,50.5919
1027,736922,184,134.501,51.8192,133.518,50.6831
1028,737601,183,136.026,52.2191,135.272,50.9337
1029,738281,179,142.209,53.8409,138.987,53.3721
1030,738965,176,146.938,55.0812,140.4,52.4833
1031,739643,180,140.651,53.4321,134.52,52.1187
1032,740322,184,134.501,51.8192,132.583,50.6603
1033,741002,178,143.777,54.252,140.719,54.7621
1034,741684,180,140.651,53.4321,138.212,52.415
1035,742363,183,136.026,52.2191,136.275,52.0048
1036,743047,184,134.501,51.8192,137.711,51.23
1037,743730,176,146.938,55.0812,144.388,55.6053
1038,744415,180,140.651,53.4321,140.263,52.9847
1039,745097,181,139.101,53.0255,136.685,51.8453
1040,745782,184,134.501,51.8192,138.03,51.0705
1041,746473,175,148.533,55.4994,144.046,53.5544
1042,747159,183,136.026,52.2191,138.6,51.6857
1043,747848,182,137.559,52.6212,136.207,51.23
1044,748544,181,139.101,53.0255,138.486,52.3238
1045,749247,174,150.136,55.9199,142.246,51.1616
1046,749948,182,137.559,52.6212,136.526,49.4069
1047,750652,185,132.984,51.4214,133.108,49.726
1048,751359,180,140.651,53.4321,135.797,49.9766
1049,752064,176,146.938,55.0812,136.776,49.9766
1050,752768,180,140.651,53.4321,135.888,53.5316
1051,753472,179,142.209,53.8409,140.035,50.7742
1052,754183,181,139.101,53.0255,137.141,50.0678
1053,754886,183,136.026,52.2191,132.31,52.301
1054,755590,186,131.476,51.0258,133.016,49.2702
1055,756295,179,142.209,53.8409,139.101,53.2126
1056,757000,183,136.026,52.2191,136.024,50.7059
1057,757699,187,129.976,50.6323,132.47,49.5209
1058,758397,187,129.976,50.6323,134.338,49.726
1059,759105,174,150.136,55.9199,139.693,52.4378
1060,759803,184,134.501,51.8192,133.654,50.1589
1061,760499,187,129.976,50.6323,130.373,49.2018
1062,761201,182,137.559,52.6212,134.498,49.4525
1063,761905,186,131.476,51.0258,135.523,49.7715
1064,762608,178,143.777,54.252,137.802,51.8225
1065,763312,183,136.026,52.2191,139.443,51.2528
1066,764011,186,131.476,51.0258,132.902,50.7286
1067,764717,184,134.501,51.8192,131.444,49.2474
1068,765422,182,137.559,52.6212,134.908,50.9337
1069,766131,180,140.651,53.4321,139.488,50.8882
1070,766837,186,131.476,51.0258,132.811,50.5919
1071,767542,187,129.976,50.6323,131.193,49.5209
1072,768249,181,139.101,53.0255,136.868,51.9364
1073,768968,182,137.559,52.6212,137.095,50.4096
1074,769457,197,115.4,46.8094,124.927,44.9633
1075,770261,174,150.136,55.9199,137.437,44.3708
1076,770992,180,140.651,53.4321,136.868,50.1817
1077,771707,183,136.026,52.2191,133.381,48.974
1078,772420,189,127,49.8517,129.872,49.7943
1079,773131,185,132.984,51.4214,133.495,50.364
1080,773846,179,142.209,53.8409,138.486,50.6147
1081,774552,188,128.484,50.2409,131.945,49.0651
1082,775256,188,128.484,50.2409,130.624,53.5772
1083,775958,176,146.938,55.0812,139.306,50.7742
1084,776663,183,136.026,52.2191,135.819,49.9083
1085,777363,183,136.026,52.2191,132.697,53.1214
1086,778062,182,137.559,52.6212,139.238,51.2984
1087,778769,182,137.559,52.6212,137.939,49.9311
1088,779471,189,127,49.8517,131.809,52.9619
1089,780177,181,139.101,53.0255,139.055,50.8882
1090,780884,180,140.651,53.4321,137.073,50.5691
1091,781589,188,128.484,50.2409,133.928,52.2555
1092,782293,183,136.026,52.2191,136.343,50.7742
1093,783006,181,139.101,53.0255,136.685,50.7742
1094,783711,187,129.976,50.6323,131.148,49.8627
1095,784422,185,132.984,51.4214,132.948,49.8627
1096,785131,181,139.101,53.0255,134.293,50.1362
1097,785835,179,142.209,53.8409,136.435,52.5745
1098,786547,180,140.651,53.4321,138.896,51.4579
1099,787253,187,129.976,50.6323,132.88,51.0477
1100,787962,188,128.484,50.2409,131.9,49.7488
1101,788669,180,140.651,53.4321,137.916,52.5973
1102,789384,180,140.651,53.4321,137.893,50.7286
1103,790095,185,132.984,51.4214,133.723,50.1817
1104,790810,188,128.484,50.2409,134.771,50.5236
1105,791528,179,142.209,53.8409,140.217,52.301
1106,792237,186,131.476,51.0258,134.156,51.0021
1107,792950,186,131.476,51.0258,132.561,49.7032
1108,793660,179,142.209,53.8409,138.326,51.0249
1109,794380,183,136.026,52.2191,138.486,50.5691
1110,795091,182,137.559,52.6212,133.974,49.5665
1111,795805,185,132.984,51.4214,135.683,51.549
1112,796530,175,148.533,55.4994,141.516,51.0705
1113,797252,182,137.559,52.6212,136.503,49.4981
1114,797971,189,127,49.8517,133.882,53.8962
1115,798692,180,140.651,53.4321,142.656,51.7997
1116,799414,182,137.559,52.6212,138.6,50.7059
1117,800129,184,134.501,51.8192,133.108,51.8225
1118,800843,182,137.559,52.6212,137.369,51.2756
1119,801560,178,143.777,54.252,142.063,60.2541
1120,802045,200,111.172,45.7003,126.043,45.2823
1121,802866,174,150.136,55.9199,139.807,45.2823
1122,803613,179,142.209,53.8409,138.508,52.0731
1123,804342,182,137.559,52.6212,136.868,50.6831
1124,805060,186,131.476,51.0258,132.264,49.8855
1125,805777,182,137.559,52.6212,135.683,51.2984
1126,806501,179,142.209,53.8409,139.557,50.6603
1127,807215,180,140.651,53.4321,133.039,50.2957
1128,807929,185,132.984,51.4214,132.037,48.9968
1129,808641,179,142.209,53.8409,139.352,53.3949
1130,809353,182,137.559,52.6212,137.027,50.7514
1131,810063,186,131.476,51.0258,133.016,49.8399
1132,810775,185,132.984,51.4214,135.295,49.8399
1133,811488,181,139.101,53.0255,140.65,52.8707
1134,812196,186,131.476,51.0258,134.452,51.0705
1135,812905,193,121.14,48.3148,131.945,48.9284
1136,813623,180,140.651,53.4321,138.941,52.3694
1137,814345,183,136.026,52.2191,136.321,50.2957
1138,815066,184,134.501,51.8192,132.606,49.4981
1139,815784,183,136.026,52.2191,133.928,48.9968
1140,816509,178,143.777,54.252,139.488,50.8654
1141,817233,183,136.026,52.2191,134.179,49.0423
1142,817953,188,128.484,50.2409,130.943,48.9512
1143,818673,180,140.651,53.4321,135.364,50.1134
1144,819398,179,142.209,53.8409,136.549,49.5209
1145,820114,188,128.484,50.2409,131.421,54.4203
1146,820657,188,128.484,50.2409,129.803,49.5437
1147,821479,172,153.371,56.7683,143.453,49.8399
1148,822210,186,131.476,51.0258,131.923,48.9056
1149,822931,187,129.976,50.6323,130.168,49.7032
1150,823652,186,131.476,51.0258,132.105,50.6375
1151,824376,178,143.777,54.252,137.779,49.726
1152,825096,183,136.026,52.2191,131.011,48.1536
1153,825819,190,125.523,49.4644,129.074,57.8841
1154,826548,181,139.101,53.0255,136.754,52.5745
1155,827279,182,137.559,52.6212,133.153,49.5209
1156,828009,184,134.501,51.8192,130.282,48.7917
1157,828736,180,140.651,53.4321,134.315,51.3667
1158,829468,179,142.209,53.8409,134.384,49.3614
1159,830197,184,134.501,51.8192,130.214,49.1107
1160,830933,184,134.501,51.8192,132.447,50.0222
1161,831663,180,140.651,53.4321,135.546,49.5892
1162,832388,185,132.984,51.4214,129.644,49.4297
1163,833120,186,131.476,51.0258,129.917,49.1107
1164,833856,182,137.559,52.6212,136.663,50.5463
1165,834580,187,129.976,50.6323,130.168,49.612
1166,835312,187,129.976,50.6323,128.618,48.2447
1167,836045,181,139.101,53.0255,134.11,51.549
1168,836785,183,136.026,52.2191,133.495,49.4753
1169,837527,187,129.976,50.6323,129.348,48.2675
1170,838264,185,132.984,51.4214,130.533,49.1107
1171,839007,181,139.101,53.0255,135.911,50.478
1172,839741,188,128.484,50.2409,129.894,48.7233
1173,840475,188,128.484,50.2409,127.365,48.1992
1174,841210,180,140.651,53.4321,134.748,49.9766
1175,841943,183,136.026,52.2191,132.447,49.4753
1176,842667,186,131.476,51.0258,129.484,48.4954
1177,843399,189,127,49.8517,130.852,52.4378
1178,844138,179,142.209,53.8409,136.571,49.5892
1179,844882,184,134.501,51.8192,131.376,48.0169
1180,845626,190,125.523,49.4644,127.935,51.4579
1181,846368,182,137.559,52.6212,134.794,49.2246
1182,847115,173,151.749,56.3429,133.153,48.7461
1183,847856,187,129.976,50.6323,129.325,50.3185
1184,848600,186,131.476,51.0258,133.016,49.1563
1185,849345,182,137.559,52.6212,133.609,55.3546
1186,850085,187,129.976,50.6323,129.53,49.0879
1187,850826,188,128.484,50.2409,129.439,47.5383
1188,851563,182,137.559,52.6212,135.842,52.2782
1189,852298,185,132.984,51.4214,131.49,50.1134
1190,853035,189,127,49.8517,128.937,48.1536
1191,853768,184,134.501,51.8192,131.034,48.7461
1192,854510,180,140.651,53.4321,137.141,52.4605
1193,855245,185,132.984,51.4214,132.105,49.726
1194,855977,192,122.593,48.696,129.667,48.9056
1195,856715,182,137.559,52.6212,134.179,51.0477
1196,857456,192,122.593,48.696,134.475,49.7488
1197,858199,180,140.651,53.4321,130.601,48.974
1198,858938,182,137.559,52.6212,132.606,50.4096
1199,859681,180,140.651,53.4321,134.657,49.4753
1200,860417,187,129.976,50.6323,129.348,49.0423
1201,861153,184,134.501,51.8192,131.171,50.2273
1202,861897,181,139.101,53.0255,136.275,49.5437
1203,862629,184,134.501,51.8192,128.823,48.2675
1204,863372,189,127,49.8517,127.661,48.0624
1205,864113,183,136.026,52.2191,136.002,49.1791
1206,864854,143,205.034,70.3186,129.348,47.3332
1207,865599,186,131.476,51.0258,127.274,50.3413
1208,866342,155,182.488,64.4053,135.204,49.5209
1209,867078,185,132.984,51.4214,129.712,47.9713
1210,867812,204,105.631,44.2471,126.75,52.2555
1211,868556,177,145.353,54.6654,134.726,49.2702
1212,869294,189,127,49.8517,130.874,47.9257
1213,870037,189,127,49.8517,128.026,50.5463
1214,870777,185,132.984,51.4214,132.014,49.3614
1215,871518,184,134.501,51.8192,133.13,48.9284
1216,872260,188,128.484,50.2409,128.937,54.0101
1217,873004,178,143.777,54.252,129.097,47.9029
1218,873744,181,139.101,53.0255,134.908,52.3238
1219,874481,184,134.501,51.8192,130.327,49.6576
1220,875216,188,128.484,50.2409,127.57,48.3587
1221,875949,178,143.777,54.252,133.974,52.415
1222,876684,188,128.484,50.2409,131.262,49.612
1223,877420,189,127,49.8517,128.231,48.6094
1224,878156,185,132.984,51.4214,133.153,50.7514
1225,878899,183,136.026,52.2191,133.723,49.6348
1226,879636,188,128.484,50.2409,129.416,48.9056
1227,880374,188,128.484,50.2409,130.555,48.7233
1228,881119,179,142.209,53.8409,136.321,51.2072
1229,881867,189,127,49.8517,129.644,48.86
1230,882603,190,125.523,49.4644,126.681,47.4244
1231,883341,184,134.501,51.8192,134.452,51.3439
1232,884082,187,129.976,50.6323,131.171,49.3386
1233,884822,188,128.484,50.2409,127.502,48.2675
1234,885561,184,134.501,51.8192,132.059,49.3386
1235,886306,184,134.501,51.8192,132.424,48.7233
1236,887047,184,134.501,51.8192,128.368,47.8346
1237,887792,184,134.501,51.8192,128.436,49.9539
1238,888531,182,137.559,52.6212,133.905,49.5892
1239,889272,184,134.501,51.8192,132.196,48.0397
1240,890009,188,128.484,50.2409,127.547,47.8118
1241,890744,187,129.976,50.6323,128.413,52.3922
1242,891477,178,143.777,54.252,134.612,49.4753
1243,892220,185,132.984,51.4214,130.988,48.8144
1244,892955,186,131.476,51.0258,127.752,49.9766
1245,893694,182,137.559,52.6212,131.398,49.0423
1246,894445,177,145.353,54.6654,133.085,48.5866
1247,895186,185,132.984,51.4214,128.003,53.7367
1248,895927,190,125.523,49.4644,127.638,47.6523
1249,896681,179,142.209,53.8409,135.045,51.1388
1250,897430,196,116.824,47.1828,128.573,48.7461
1251,898168,188,128.484,50.2409,125.975,47.6295
1252,898906,181,139.101,53.0255,132.789,52.0959
1253,899653,185,132.984,51.4214,131.239,49.0423
1254,900392,188,128.484,50.2409,127.342,48.7233
1255,901132,183,136.026,52.2191,132.287,51.4579
1256,901878,184,134.501,51.8192,131.923,49.2702
1257,902619,194,119.694,47.9355,126.545,48.3359
1258,903362,181,139.101,53.0255,134.771,52.0959
1259,904109,185,132.984,51.4214,131.945,49.3842
1260,904853,192,122.593,48.696,127.98,48.1992
1261,905596,182,137.559,52.6212,135.113,51.7313
1262,906344,187,129.976,50.6323,132.857,49.7715
1263,907085,187,129.976,50.6323,128.915,48.9056
1264,907827,183,136.026,52.2191,135.409,50.2729
1265,908577,181,139.101,53.0255,134.406,49.4753
1266,909319,179,142.209,53.8409,130.122,49.5437
1267,910057,183,136.026,52.2191,134.224,50.4552
1268,910804,183,136.026,52.2191,135.614,50.0678
1269,911542,184,134.501,51.8192,132.492,48.9056
1270,912280,188,128.484,50.2409,132.492,53.3949
1271,913019,175,148.533,55.4994,138.44,50.6603
1272,913758,183,136.026,52.2191,134.703,49.7032
1273,914494,187,129.976,50.6323,131.923,50.7514
1274,915229,183,136.026,52.2191,135.888,51.5718
1275,915975,181,139.101,53.0255,140.628,50.1362
1276,916718,186,131.476,51.0258,133.427,47.8801
1277,917463,187,129.976,50.6323,131.49,55.3318
1278,918209,180,140.651,53.4321,139.465,52.3694
1279,918957,183,136.026,52.2191,134.931,49.9539
1280,919700,188,128.484,50.2409,129.256,48.7689
1281,920442,186,131.476,51.0258,132.72,50.2501
1282,921193,180,140.651,53.4321,135.523,49.0651
1283,921937,185,132.984,51.4214,131.285,48.8372
1284,922680,188,128.484,50.2409,132.15,49.9994
1285,923430,180,140.651,53.4321,137.232,49.9539
1286,924172,188,128.484,50.2409,130.168,49.6348
1287,924915,187,129.976,50.6323,129.074,47.47
1288,925658,179,142.209,53.8409,135.933,52.2555
1289,926401,185,132.984,51.4214,132.424,49.7032
1290,927141,190,125.523,49.4644,129.963,49.0651
1291,927878,189,127,49.8517,133.108,49.9766
1292,928619,179,142.209,53.8409,138.03,50.8426
1293,929351,184,134.501,51.8192,131.193,50.2957
1294,930084,186,131.476,51.0258,129.803,48.9968
1295,930817,178,143.777,54.252,135.956,50.1134
1296,931560,183,136.026,52.2191,135.341,49.8399
1297,932297,187,129.976,50.6323,131.512,49.2474
1298,933034,183,136.026,52.2191,134.338,52.5745
1299,933778,178,143.777,54.252,137.848,50.0906
1300,934519,186,131.476,51.0258,130.692,48.3131
1301,935258,184,134.501,51.8192,129.165,52.4833
1302,935994,178,143.777,54.252,136.64,50.3185
1303,936736,179,142.209,53.8409,134.065,49.2702
1304,937471,188,128.484,50.2409,131.011,51.3211
1305,938204,186,131.476,51.0258,134.429,56.0611
1306,938947,185,132.984,51.4214,135.865,50.5919
1307,939679,186,131.476,51.0258,131.216,49.9311
1308,940408,187,129.976,50.6323,132.561,50.2957
1309,941139,175,148.533,55.4994,138.417,53.2126
1310,941860,185,132.984,51.4214,133.586,51.0705
1311,942582,190,125.523,49.4644,130.487,49.7488
1312,943309,182,137.559,52.6212,134.771,50.0678
1313,944033,183,136.026,52.2191,136.07,50.797
1314,944762,182,137.559,52.6212,137.734,51.1844
1315,945494,177,145.353,54.6654,141.061,54.352
1316,946221,181,139.101,53.0255,135.751,51.6174
1317,946946,185,132.984,51.4214,133.654,50.0222
1318,947670,180,140.651,53.4321,140.286,54.3292
1319,948398,180,140.651,53.4321,139.465,51.7313
1320,949128,183,136.026,52.2191,136.161,50.797
1321,949854,181,139.101,53.0255,138.85,52.3694
1322,950589,177,145.353,54.6654,144.023,52.301
1323,951314,182,137.559,52.6212,137.027,51.9364
1324,952046,186,131.476,51.0258,135.569,49.9994
1325,952779,176,146.938,55.0812,143.339,52.9163
1326,953512,179,142.209,53.8409,140.035,51.7997
1327,954234,185,132.984,51.4214,136.321,51.549
1328,954957,182,137.559,52.6212,140.673,52.3922
1329,955686,181,139.101,53.0255,142.998,52.0048
1330,956404,185,132.984,51.4214,138.167,51.3667
1331,957130,184,134.501,51.8192,138.554,55.1495
1332,957852,175,148.533,55.4994,144.843,53.0758
1333,958570,186,131.476,51.0258,140.4,51.5034
1334,959294,188,128.484,50.2409,137.961,55.6737
1335,960022,177,145.353,54.6654,145.208,53.2581
1336,960749,181,139.101,53.0255,143.658,52.3922
1337,961479,185,132.984,51.4214,140.878,52.3922
1338,962201,183,136.026,52.2191,143.613,53.7139
1339,962929,178,143.777,54.252,148.011,54.5343
1340,963652,183,136.026,52.2191,142.587,53.6683
1341,964160,192,122.593,48.696,134.201,53.4632
1342,965001,167,161.625,58.9332,153.047,51.6174
1343,965734,181,139.101,53.0255,143.203,52.5745
1344,966463,181,139.101,53.0255,141.038,52.301
1345,967195,179,142.209,53.8409,142.998,52.7568
1346,967935,176,146.938,55.0812,148.398,53.8734
1347,968667,180,140.651,53.4321,141.311,53.053
1348,969399,186,131.476,51.0258,139.671,51.1388
1349,970135,175,148.533,55.4994,147.419,55.3546
1350,970870,181,139.101,53.0255,143.203,52.9163
1351,971602,185,132.984,51.4214,140.309,51.5718
1352,972333,179,142.209,53.8409,144.821,54.0785
1353,973073,183,136.026,52.2191,145.094,52.4833
1354,973804,185,132.984,51.4214,140.719,52.1643
1355,974536,185,132.984,51.4214,140.536,51.23
1356,975272,178,143.777,54.252,146.575,53.8506
1357,976007,185,132.984,51.4214,141.266,52.301
1358,976738,188,128.484,50.2409,139.124,51.116
1359,977469,181,139.101,53.0255,140.901,51.8681
1360,978207,176,146.938,55.0812,146.028,52.2782
1361,978938,182,137.559,52.6212,139.83,50.5463
1362,979668,188,128.484,50.2409,136.685,50.9337
1363,980399,182,137.559,52.6212,140.719,51.549
1364,981131,177,145.353,54.6654,141.744,52.5517
1365,981861,180,140.651,53.4321,143.02,54.7621
1366,982596,173,151.749,56.3429,145.573,52.301
1367,983325,181,139.101,53.0255,139.99,50.6603
1368,984051,185,132.984,51.4214,136.571,54.7849
1369,984786,174,150.136,55.9199,145.413,52.2327
1370,985517,178,143.777,54.252,140.081,57.6334
1371,986248,185,132.984,51.4214,138.44,51.1388
1372,986977,183,136.026,52.2191,141.676,52.2327
1373,987714,177,145.353,54.6654,146.256,51.982
1374,988442,183,136.026,52.2191,138.326,51.7313
1375,989170,186,131.476,51.0258,137.027,50.8426
1376,989898,179,142.209,53.8409,142.36,54.1924
1377,990634,175,148.533,55.4994,140.514,51.7769
1378,991363,186,131.476,51.0258,136.89,50.7742
1379,992090,181,139.101,53.0255,139.329,52.1187
1380,992827,178,143.777,54.252,144.524,52.6656
1381,993554,182,137.559,52.6212,137.688,51.549
1382,994283,184,134.501,51.8192,136.594,50.2501
1383,995013,175,148.533,55.4994,143.294,54.4887
1384,995747,179,142.209,53.8409,141.402,51.9592
1385,996477,182,137.559,52.6212,138.691,51.23
1386,997204,180,140.651,53.4321,140.901,52.4833
1387,997941,177,145.353,54.6654,144.889,53.6455
1388,998672,183,136.026,52.2191,138.167,51.2072
1389,999404,186,131.476,51.0258,135.272,49.4753
1390,1000136,175,148.533,55.4994,142.724,51.4807
1391,1000874,180,140.651,53.4321,140.286,50.7286
1392,1001607,186,131.476,51.0258,136.093,51.1388
1393,1002338,181,139.101,53.0255,140.058,51.3667
1394,1003082,177,145.353,54.6654,140.764,50.911
1395,1003815,182,137.559,52.6212,135.911,49.6804
1396,1004548,185,132.984,51.4214,135.774,54.0101
1397,1005284,173,151.749,56.3429,142.542,51.3895
1398,1006021,180,140.651,53.4321,136.799,57.8613
1399,1006754,185,132.984,51.4214,134.634,50.0906
1400,1007486,180,140.651,53.4321,136.412,50.045
1401,1008216,178,143.777,54.252,140.719,52.6884
1402,1008952,183,136.026,52.2191,139.99,51.1616
1403,1009680,179,142.209,53.8409,134.999,50.9337
1404,1010408,178,143.777,54.252,135.523,49.726
1405,1011133,170,156.643,57.6266,140.787,53.919
1406,1011867,178,143.777,54.252,139.283,51.4579
1407,1012595,184,134.501,51.8192,134.771,50.5919
1408,1013328,185,132.984,51.4214,135.751,49.4753
1409,1014063,177,145.353,54.6654,142.838,53.7595
1410,1014796,181,139.101,53.0255,138.873,51.4123
1411,1015527,186,131.476,51.0258,135.865,50.364
1412,1016257,184,134.501,51.8192,139.01,51.1844
1413,1016996,177,145.353,54.6654,143.499,52.2099
1414,1017723,185,132.984,51.4214,136.252,51.2528
1415,1018459,184,134.501,51.8192,134.429,49.2702
